{
  "business_name": "Cloud Solutions",
  "legal_entity_id": "A123456",
  "Address_line1": "20 Cooper Square",
  "Address_line2": "Dollars street",
  "line3": "Greenliving residency",
  "city": "Newyork",
  "state": "NY",
  "country": "United States",
  "post_code": "10003",
  "main_phone": "+14567123456",
  "fax": "910555",
  "website": "https://freshmarket.com",
  "email": "freshmarket@gmail.com",
  "about_rhipe": "Microsoft Website",
  "industry_type": "Application Service Provider",
  "first_name": "Testing",
  "last_name": "Quality",
  "direct_phone": "+13452345235",
  "job_title": "Automation tester",
  "auth_email": "testing_quality@gmail.com"

}



